<?xml version="1.0" encoding="UTF-8"?>
<project-private xmlns="http://www.netbeans.org/ns/project-private/1">
    <editor-bookmarks xmlns="http://www.netbeans.org/ns/editor-bookmarks/2" lastBookmarkId="0"/>
    <open-files xmlns="http://www.netbeans.org/ns/projectui-open-files/2">
        <group>
            <file>file:/home/andres/Documentos/Horario_Construccion/Horario/src/horario/cli/Cli.java</file>
            <file>file:/home/andres/Documentos/Horario_Construccion/Horario/src/horario/entidades/Profesor.java</file>
            <file>file:/home/andres/Documentos/Horario_Construccion/Horario/src/horario/cli/Teclado.java</file>
            <file>file:/home/andres/Documentos/Horario_Construccion/Horario/src/horario/entidades/ExperienciaEducativa.java</file>
            <file>file:/home/andres/Documentos/Horario_Construccion/Horario/src/horario/baseDatos/Conexion.java</file>
            <file>file:/home/andres/Documentos/Horario_Construccion/Horario/src/horario/Main.java</file>
            <file>file:/home/andres/Documentos/Horario_Construccion/Horario/src/horario/entidades/Aula.java</file>
            <file>file:/home/andres/Documentos/Horario_Construccion/Horario/src/horario/cli/Menu.java</file>
        </group>
    </open-files>
</project-private>
